Symbol,Mean fold change,ATF4 site location,ATF4 site sequence
POLG,8.504812613,,
INHBE,5.092699928,-712,ATTGCATCA
SLC7A11,4.091666946,-76,TTTGCATCA
TRIB3,3.231927942,228,TTTGCATCA
NEAT1,3.181167261,,
NUPR1,3.042254657,109,ATTGCATCA
MAP2K5,2.87550171,,
STC2,2.701611934,-336,TGATGAAAC
ASS1,2.518718391,,
CTH,2.518130958,,
SESN2,2.49401115,-230,TTTTCATCA
LOC284561,2.402703322,,
SLC1A4,2.401385997,31,TTTGCATCA
VEGFA,2.288049048,,
MALAT1,2.276253579,,
ALDH1L2,2.266826798,824,ATTGCATCA
JUB,2.254681866,347,ATTGCATCA
ANXA1,2.249036099,,
ASNS,2.246382652,67,TGATGAAAC
HNRNPA2B1,2.193232361,,
RPS6KA2,2.160228194,893,TGATGCAAT
CEBPB,2.094287979,,
FLJ44342,2.087368582,,
HNRNPA1 /// LOC728844,2.044105443,,
LOC100132247 /// LOC613037 /// NPIPL3,1.9999764,,
MARS,1.986408403,111,GTTGCATCA
PCK2,1.977432406,-238,GTTACATCA
CHAC1,1.975462937,-176,GTTGCATCA
DDIT3 /// NR1H3,1.963153378,-303,ATTGCATCA
JDP2,1.914531107,201,TGATGCAAC
IFRD1,1.898320153,19,TGATGAAAT
NPIPL1,1.895605558,,
SLC6A9,1.892998842,106,TGATGCAAC
GDF15,1.887531853,729,TGATGAAAT
TSC22D3,1.868316479,,
EGR1,1.849368237,,
CBS,1.842794924,252,GTTGCATCA
GPT2,1.825147623,-434,TGATGAAAC
EIF4EBP1,1.807330836,992,TGATGAAAC
HSPD1,1.806746479,,
PRPF38B,1.80627069,,
SLC20A1,1.79018233,,
C5orf28,1.773363968,560,ATTGCATCA
HNRNPL,1.773226069,,
CEBPG,1.771798377,403,TGATGCAAC
EIF4A2,1.771483404,,
GADD45A,1.770694595,,
KCTD15,1.77026146,-669,ATTACATCA
PABPC1L,1.769459825,,
NHSL1,1.765275208,2,GTTACATCA
MRPL39,1.758686993,,
HMOX1,1.75055465,,
CIRBP,1.747355747,,
SLC7A5,1.743267332,,
DDIT4,1.737219223,-940,TGATGCAAC
MGEA5,1.735417414,,
RPS24,1.730829395,,
PDCD5,1.708777123,,
RPL37A,1.706902752,,
PRKAA1,1.704662553,-853,TGATGTAAC
AHSA2,1.692072584,,
RAB39B,1.685952002,83,ATTTCATCA
PSAT1,1.684455671,249,TTTGCATCA
MARCH6,1.68109803,-454,TTTTCATCA
ACRC,1.680870932,,
MAP2,1.670071886,,
SLC4A5,1.668577361,102,TGATGCAAA
ESRP1,1.667283845,,
MORF4L2,1.664824947,,
HFM1,1.66448937,,
STX16,1.662326789,,
GART,1.656256731,734,TGATGTAAT
C6orf26 /// MSH5,1.655088937,-583,TGATGTAAT
FAM36A /// HOXA7,1.654362247,,
RIMKLB,1.646831786,,
RPL10,1.645312356,,
FLJ40113 /// LOC440295,1.642380952,,
FUT1,1.638559638,-86,TGATGCAAT
FAM129A,1.634152602,796,ATTTCATCA
HNRNPD,1.632582377,,
PPP1R15A,1.632563406,,
C1orf199,1.631949202,,
YARS,1.631245804,678,TGATGCAAC
SFRS15,1.630585699,,
HNRPDL,1.622372513,,
SFRS3,1.62225663,,
N4BP2L2,1.621433884,,
CCDC113,1.619809704,,
NASP,1.616865807,,
MDM4,1.616139441,,
C19orf2,1.613949525,,
GOLGA8A,1.613254051,,
VIM,1.611820401,,
LOC387763,1.609981928,,
SNX5,1.608975909,599,ATTGCATCA
ATF3,1.608043492,113,TGATGCAAC
TRA2A,1.607723217,-990,TTTGCATCA
PPA2,1.607586427,-297,ATTACATCA
SEC31A,1.607340215,,
CARS,1.602870906,26,GTTGCATCA